{
  "run_date": "2026-07-21",
  "survey": "pew_w158",
  "heldout_question": "carbon_tax",
  "respondents": 100,
  "model": "openai:gpt-5.5",
  "one_shot": {
    "job_id": "a4399bc71f1b07e7",
    "observed_weighted": {"Favor": 0.6076198918992962, "Oppose": 0.3923801081007038},
    "predicted": {"Favor": 0.69, "Oppose": 0.31},
    "mae": 0.08238010810070376,
    "cost_usd": 0.0335
  },
  "twin_run": {
    "job_id": "f87aa97344addd4a",
    "completed_interviews": 100,
    "interviews_with_exceptions": 0,
    "extracted_predictions": 100,
    "import_issues": 0,
    "cost_usd": 1.0234,
    "metrics": {
      "probability_actual": 0.6901273409859892,
      "negative_log_likelihood": 0.5128655256254092,
      "brier": 0.32897896532969756,
      "top1_accuracy": 0.7620878319948163,
      "expected_calibration_error": 0.044600000000000015
    }
  },
  "conditional_baseline": {
    "job_id": "baseline_9500a89a78e2b4",
    "model_label": "baseline:conditional-embedding",
    "model_type": "xgboost",
    "embedding_model": "text-embedding-3-small",
    "training_rows": 1000,
    "prediction_rows": 100,
    "metrics": {
      "probability_actual": 0.6711325039187643,
      "negative_log_likelihood": 0.6983894402449312,
      "brier": 0.4198134237160395,
      "top1_accuracy": 0.7642461961517892
    }
  },
  "paired_twin_minus_xgboost": {
    "bootstrap_resamples": 2000,
    "confidence_level": 0.95,
    "probability_actual": {"delta": 0.018994837067224823, "lo": -0.03334923373936058, "hi": 0.0749861045708722},
    "negative_log_likelihood": {"delta": -0.185523914619522, "lo": -0.36950388420712393, "hi": -0.03431677419718181},
    "brier": {"delta": -0.09083445838634197, "lo": -0.18938472376168866, "hi": 0.0020426351727732164},
    "top1_accuracy": {"delta": -0.002158364156972903, "lo": -0.13481162247371964, "hi": 0.11808305732025207}
  },
  "leakage_audit": {"pair_count": 5, "flagged_count": 0}
}
